k,combo_id,relay_subset,n_satellites,v_bits,seed,gs_reconfig_s,xl_rate_bps,completion_ratio,total_delivered_bits
1,5,SAT_5,15,8000000000,42,70.0,1000000.0,0.324537,38944381619
1,11,SAT_11,15,8000000000,42,70.0,1000000.0,0.334345,40121380710
1,6,SAT_6,15,8000000000,42,70.0,1000000.0,0.302348,36281734381
1,9,SAT_9,15,8000000000,42,70.0,1000000.0,0.340854,40902479938
1,10,SAT_10,15,8000000000,42,70.0,1000000.0,0.333398,40007791229
1,12,SAT_12,15,8000000000,42,70.0,1000000.0,0.289002,34680239526
1,1,SAT_1,15,8000000000,42,70.0,1000000.0,0.341112,40933479897
1,3,SAT_3,15,8000000000,42,70.0,1000000.0,0.325881,39105706214
1,0,SAT_0,15,8000000000,42,70.0,1000000.0,0.324992,38999067683
1,14,SAT_14,15,8000000000,42,70.0,1000000.0,0.324287,38914417533
1,8,SAT_8,15,8000000000,42,70.0,1000000.0,0.322833,38739951970
1,13,SAT_13,15,8000000000,42,70.0,1000000.0,0.326573,39188731445
1,7,SAT_7,15,8000000000,42,70.0,1000000.0,0.331838,39820560652
1,2,SAT_2,15,8000000000,42,70.0,1000000.0,0.314513,37741554094
1,4,SAT_4,15,8000000000,42,70.0,1000000.0,0.335344,40241331422
2,1,"SAT_5,SAT_12",15,8000000000,42,70.0,1000000.0,0.477267,57272069033
2,0,"SAT_4,SAT_7",15,8000000000,42,70.0,1000000.0,0.454417,54530098979
2,4,"SAT_1,SAT_2",15,8000000000,42,70.0,1000000.0,0.576234,69148138289
2,2,"SAT_6,SAT_7",15,8000000000,42,70.0,1000000.0,0.515031,61803673475
2,3,"SAT_8,SAT_14",15,8000000000,42,70.0,1000000.0,0.581068,69728115178
2,11,"SAT_11,SAT_13",15,8000000000,42,70.0,1000000.0,0.56607,67928377198
2,7,"SAT_2,SAT_4",15,8000000000,42,70.0,1000000.0,0.588181,70581727476
2,5,"SAT_1,SAT_10",15,8000000000,42,70.0,1000000.0,0.580869,69704312491
2,8,"SAT_2,SAT_13",15,8000000000,42,70.0,1000000.0,0.531531,63783754474
2,6,"SAT_3,SAT_13",15,8000000000,42,70.0,1000000.0,0.528808,63456933470
2,9,"SAT_0,SAT_4",15,8000000000,42,70.0,1000000.0,0.598364,71803683217
2,12,"SAT_6,SAT_10",15,8000000000,42,70.0,1000000.0,0.566261,67951369977
2,10,"SAT_10,SAT_13",15,8000000000,42,70.0,1000000.0,0.533035,63964176440
2,13,"SAT_0,SAT_2",15,8000000000,42,70.0,1000000.0,0.558734,67048089629
2,14,"SAT_0,SAT_13",15,8000000000,42,70.0,1000000.0,0.526169,63140232452
2,16,"SAT_5,SAT_11",15,8000000000,42,70.0,1000000.0,0.574758,68970911875
2,15,"SAT_1,SAT_8",15,8000000000,42,70.0,1000000.0,0.613075,73568968368
2,17,"SAT_2,SAT_14",15,8000000000,42,70.0,1000000.0,0.579824,69578904815
2,19,"SAT_10,SAT_14",15,8000000000,42,70.0,1000000.0,0.527269,63272319369
2,18,"SAT_7,SAT_12",15,8000000000,42,70.0,1000000.0,0.464311,55717288996
2,20,"SAT_6,SAT_13",15,8000000000,42,70.0,1000000.0,0.395349,47441869751
2,21,"SAT_4,SAT_6",15,8000000000,42,70.0,1000000.0,0.551263,66151538670
2,22,"SAT_3,SAT_6",15,8000000000,42,70.0,1000000.0,0.520901,62508147186
2,23,"SAT_3,SAT_10",15,8000000000,42,70.0,1000000.0,0.587514,70501723726
2,25,"SAT_3,SAT_8",15,8000000000,42,70.0,1000000.0,0.528221,63386579636
2,28,"SAT_9,SAT_13",15,8000000000,42,70.0,1000000.0,0.573566,68827872407
2,27,"SAT_11,SAT_14",15,8000000000,42,70.0,1000000.0,0.6058,72696050654
2,24,"SAT_0,SAT_10",15,8000000000,42,70.0,1000000.0,0.599828,71979365913
2,26,"SAT_2,SAT_12",15,8000000000,42,70.0,1000000.0,0.555695,66683372751
2,29,"SAT_8,SAT_13",15,8000000000,42,70.0,1000000.0,0.539172,64700682930
3,1,"SAT_2,SAT_7,SAT_14",15,8000000000,42,70.0,1000000.0,0.747522,89702646559
3,0,"SAT_1,SAT_6,SAT_13",15,8000000000,42,70.0,1000000.0,0.605735,72688250609
3,2,"SAT_3,SAT_5,SAT_10",15,8000000000,42,70.0,1000000.0,0.738576,88629085868
3,3,"SAT_1,SAT_5,SAT_13",15,8000000000,42,70.0,1000000.0,0.631252,75750206396
3,4,"SAT_0,SAT_4,SAT_10",15,8000000000,42,70.0,1000000.0,0.690155,82818587461
3,7,"SAT_0,SAT_1,SAT_13",15,8000000000,42,70.0,1000000.0,0.700837,84100387231
3,5,"SAT_1,SAT_9,SAT_11",15,8000000000,42,70.0,1000000.0,0.49944,59932742288
3,6,"SAT_2,SAT_3,SAT_8",15,8000000000,42,70.0,1000000.0,0.624013,74881574047
3,8,"SAT_0,SAT_4,SAT_6",15,8000000000,42,70.0,1000000.0,0.765075,91809008759
3,9,"SAT_3,SAT_5,SAT_8",15,8000000000,42,70.0,1000000.0,0.730464,87655723721
3,11,"SAT_0,SAT_6,SAT_10",15,8000000000,42,70.0,1000000.0,0.704781,84573734058
3,13,"SAT_7,SAT_10,SAT_14",15,8000000000,42,70.0,1000000.0,0.720065,86407846419
3,10,"SAT_0,SAT_1,SAT_7",15,8000000000,42,70.0,1000000.0,0.663024,79562939903
3,12,"SAT_1,SAT_7,SAT_12",15,8000000000,42,70.0,1000000.0,0.634747,76169667017
3,14,"SAT_0,SAT_6,SAT_12",15,8000000000,42,70.0,1000000.0,0.699744,83969280984
3,15,"SAT_1,SAT_10,SAT_11",15,8000000000,42,70.0,1000000.0,0.644404,77328528701
3,16,"SAT_9,SAT_10,SAT_13",15,8000000000,42,70.0,1000000.0,0.750945,90113422389
3,17,"SAT_6,SAT_8,SAT_11",15,8000000000,42,70.0,1000000.0,0.72196,86635223808
3,18,"SAT_4,SAT_12,SAT_13",15,8000000000,42,70.0,1000000.0,0.597432,71691788595
3,19,"SAT_0,SAT_2,SAT_8",15,8000000000,42,70.0,1000000.0,0.638172,76580691699
3,20,"SAT_4,SAT_8,SAT_14",15,8000000000,42,70.0,1000000.0,0.645917,77510083679
3,21,"SAT_0,SAT_3,SAT_13",15,8000000000,42,70.0,1000000.0,0.640939,76912668408
3,25,"SAT_0,SAT_9,SAT_12",15,8000000000,42,70.0,1000000.0,0.586034,70324049035
3,22,"SAT_0,SAT_7,SAT_14",15,8000000000,42,70.0,1000000.0,0.687126,82455083647
3,23,"SAT_7,SAT_9,SAT_12",15,8000000000,42,70.0,1000000.0,0.607515,72901818394
3,24,"SAT_6,SAT_7,SAT_14",15,8000000000,42,70.0,1000000.0,0.674204,80904501730
3,28,"SAT_6,SAT_10,SAT_11",15,8000000000,42,70.0,1000000.0,0.715119,85814297249
3,29,"SAT_5,SAT_11,SAT_14",15,8000000000,42,70.0,1000000.0,0.783073,93968731930
3,26,"SAT_1,SAT_3,SAT_9",15,8000000000,42,70.0,1000000.0,0.681799,81815889665
3,27,"SAT_8,SAT_13,SAT_14",15,8000000000,42,70.0,1000000.0,0.723961,86875313164
4,1,"SAT_2,SAT_7,SAT_8,SAT_14",15,8000000000,42,70.0,1000000.0,0.783497,94019676388
4,0,"SAT_0,SAT_3,SAT_5,SAT_8",15,8000000000,42,70.0,1000000.0,0.693431,83211779452
4,2,"SAT_0,SAT_2,SAT_3,SAT_7",15,8000000000,42,70.0,1000000.0,0.675718,81086141126
4,3,"SAT_5,SAT_8,SAT_9,SAT_11",15,8000000000,42,70.0,1000000.0,0.787856,94542718180
4,5,"SAT_1,SAT_3,SAT_8,SAT_13",15,8000000000,42,70.0,1000000.0,0.721397,86567623859
4,4,"SAT_5,SAT_7,SAT_12,SAT_13",15,8000000000,42,70.0,1000000.0,0.754054,90486458153
4,7,"SAT_4,SAT_5,SAT_9,SAT_10",15,8000000000,42,70.0,1000000.0,0.55896,67075189685
4,10,"SAT_4,SAT_7,SAT_8,SAT_11",15,8000000000,42,70.0,1000000.0,0.674174,80900868202
4,6,"SAT_7,SAT_8,SAT_9,SAT_14",15,8000000000,42,70.0,1000000.0,0.756414,90769712210
4,8,"SAT_0,SAT_7,SAT_8,SAT_12",15,8000000000,42,70.0,1000000.0,0.716935,86032214410
4,9,"SAT_5,SAT_7,SAT_10,SAT_12",15,8000000000,42,70.0,1000000.0,0.754572,90548687177
4,12,"SAT_0,SAT_1,SAT_8,SAT_14",15,8000000000,42,70.0,1000000.0,0.717217,86066071883
4,11,"SAT_0,SAT_1,SAT_9,SAT_12",15,8000000000,42,70.0,1000000.0,0.60548,72657574467
4,13,"SAT_0,SAT_2,SAT_12,SAT_13",15,8000000000,42,70.0,1000000.0,0.751983,90237955008
4,14,"SAT_2,SAT_3,SAT_4,SAT_10",15,8000000000,42,70.0,1000000.0,0.78415,94097965345
4,16,"SAT_0,SAT_2,SAT_6,SAT_10",15,8000000000,42,70.0,1000000.0,0.76697,92036409899
4,15,"SAT_6,SAT_12,SAT_13,SAT_14",15,8000000000,42,70.0,1000000.0,0.728926,87471176331
4,17,"SAT_0,SAT_1,SAT_9,SAT_10",15,8000000000,42,70.0,1000000.0,0.682625,81915001810
4,18,"SAT_0,SAT_5,SAT_12,SAT_13",15,8000000000,42,70.0,1000000.0,0.650294,78035275633
4,19,"SAT_4,SAT_8,SAT_9,SAT_13",15,8000000000,42,70.0,1000000.0,0.746332,89559794121
4,20,"SAT_1,SAT_7,SAT_9,SAT_14",15,8000000000,42,70.0,1000000.0,0.683407,82008885906
4,21,"SAT_4,SAT_6,SAT_8,SAT_11",15,8000000000,42,70.0,1000000.0,0.718397,86207674168
4,22,"SAT_2,SAT_3,SAT_6,SAT_13",15,8000000000,42,70.0,1000000.0,0.674458,80935017379
4,24,"SAT_2,SAT_7,SAT_8,SAT_10",15,8000000000,42,70.0,1000000.0,0.786281,94353722825
4,26,"SAT_2,SAT_4,SAT_9,SAT_13",15,8000000000,42,70.0,1000000.0,0.832682,99921889495
4,25,"SAT_3,SAT_7,SAT_8,SAT_10",15,8000000000,42,70.0,1000000.0,0.745031,89403727600
4,23,"SAT_0,SAT_3,SAT_10,SAT_12",15,8000000000,42,70.0,1000000.0,0.700568,84068179626
5,0,"SAT_1,SAT_4,SAT_6,SAT_10,SAT_12",15,8000000000,42,70.0,1000000.0,0.672672,80720601513
4,27,"SAT_0,SAT_7,SAT_10,SAT_11",15,8000000000,42,70.0,1000000.0,0.711859,85423133288
5,1,"SAT_0,SAT_1,SAT_8,SAT_10,SAT_11",15,8000000000,42,70.0,1000000.0,0.653868,78464141524
4,29,"SAT_3,SAT_6,SAT_7,SAT_10",15,8000000000,42,70.0,1000000.0,0.737187,88462411075
5,2,"SAT_2,SAT_3,SAT_5,SAT_6,SAT_8",15,8000000000,42,70.0,1000000.0,0.757883,90946003979
4,28,"SAT_3,SAT_6,SAT_9,SAT_10",15,8000000000,42,70.0,1000000.0,0.785181,94221698679
5,4,"SAT_2,SAT_3,SAT_8,SAT_12,SAT_13",15,8000000000,42,70.0,1000000.0,0.699623,83954766458
5,8,"SAT_2,SAT_6,SAT_7,SAT_10,SAT_13",15,8000000000,42,70.0,1000000.0,0.728982,87477878548
5,3,"SAT_3,SAT_4,SAT_6,SAT_10,SAT_13",15,8000000000,42,70.0,1000000.0,0.593094,71171221504
5,6,"SAT_1,SAT_4,SAT_5,SAT_8,SAT_14",15,8000000000,42,70.0,1000000.0,0.640942,76913068184
5,7,"SAT_1,SAT_2,SAT_3,SAT_12,SAT_14",15,8000000000,42,70.0,1000000.0,0.635212,76225476247
5,5,"SAT_3,SAT_5,SAT_6,SAT_7,SAT_14",15,8000000000,42,70.0,1000000.0,0.679951,81594064669
5,9,"SAT_1,SAT_5,SAT_10,SAT_12,SAT_13",15,8000000000,42,70.0,1000000.0,0.757405,90888556891
5,11,"SAT_3,SAT_8,SAT_10,SAT_13,SAT_14",15,8000000000,42,70.0,1000000.0,0.72428,86913607861
5,10,"SAT_1,SAT_6,SAT_7,SAT_11,SAT_14",15,8000000000,42,70.0,1000000.0,0.637421,76490513358
5,13,"SAT_1,SAT_10,SAT_12,SAT_13,SAT_14",15,8000000000,42,70.0,1000000.0,0.642158,77058977053
5,14,"SAT_4,SAT_7,SAT_9,SAT_10,SAT_12",15,8000000000,42,70.0,1000000.0,0.583298,69995716134
5,12,"SAT_0,SAT_1,SAT_5,SAT_6,SAT_8",15,8000000000,42,70.0,1000000.0,0.654698,78563768737
5,15,"SAT_0,SAT_1,SAT_3,SAT_7,SAT_11",15,8000000000,42,70.0,1000000.0,0.646508,77580958264
5,16,"SAT_0,SAT_2,SAT_5,SAT_12,SAT_13",15,8000000000,42,70.0,1000000.0,0.698927,83871181043
5,17,"SAT_0,SAT_1,SAT_2,SAT_3,SAT_6",15,8000000000,42,70.0,1000000.0,0.674717,80966031317
5,18,"SAT_1,SAT_2,SAT_4,SAT_8,SAT_9",15,8000000000,42,70.0,1000000.0,0.664327,79719182434
5,19,"SAT_2,SAT_4,SAT_8,SAT_10,SAT_12",15,8000000000,42,70.0,1000000.0,0.647495,77699378522
5,22,"SAT_0,SAT_1,SAT_2,SAT_6,SAT_14",15,8000000000,42,70.0,1000000.0,0.678506,81420753113
5,20,"SAT_7,SAT_8,SAT_11,SAT_12,SAT_14",15,8000000000,42,70.0,1000000.0,0.683546,82025551995
5,21,"SAT_3,SAT_4,SAT_5,SAT_10,SAT_13",15,8000000000,42,70.0,1000000.0,0.616928,74031360941
5,23,"SAT_1,SAT_3,SAT_5,SAT_10,SAT_11",15,8000000000,42,70.0,1000000.0,0.596606,71592668658
5,25,"SAT_2,SAT_3,SAT_4,SAT_10,SAT_11",15,8000000000,42,70.0,1000000.0,0.767471,92096551202
6,0,"SAT_3,SAT_7,SAT_8,SAT_9,SAT_10,SAT_14",15,8000000000,42,70.0,1000000.0,0.758735,91048217450
5,26,"SAT_0,SAT_7,SAT_8,SAT_11,SAT_14",15,8000000000,42,70.0,1000000.0,0.60903,73083556131
5,24,"SAT_3,SAT_4,SAT_10,SAT_12,SAT_13",15,8000000000,42,70.0,1000000.0,0.598373,71804815629
5,28,"SAT_2,SAT_7,SAT_8,SAT_9,SAT_12",15,8000000000,42,70.0,1000000.0,0.695868,83504200150
5,27,"SAT_0,SAT_8,SAT_9,SAT_12,SAT_13",15,8000000000,42,70.0,1000000.0,0.69755,83706021166
5,29,"SAT_2,SAT_6,SAT_7,SAT_13,SAT_14",15,8000000000,42,70.0,1000000.0,0.748159,89779086433
6,1,"SAT_1,SAT_3,SAT_4,SAT_8,SAT_9,SAT_12",15,8000000000,42,70.0,1000000.0,0.727638,87316610324
6,2,"SAT_0,SAT_2,SAT_5,SAT_11,SAT_12,SAT_13",15,8000000000,42,70.0,1000000.0,0.713315,85597859608
6,4,"SAT_3,SAT_5,SAT_7,SAT_11,SAT_13,SAT_14",15,8000000000,42,70.0,1000000.0,0.804915,96589842291
6,3,"SAT_4,SAT_5,SAT_6,SAT_7,SAT_12,SAT_14",15,8000000000,42,70.0,1000000.0,0.687514,82501664815
6,5,"SAT_1,SAT_2,SAT_8,SAT_10,SAT_12,SAT_14",15,8000000000,42,70.0,1000000.0,0.736709,88405048653
6,7,"SAT_0,SAT_4,SAT_5,SAT_7,SAT_9,SAT_14",15,8000000000,42,70.0,1000000.0,0.729066,87487973534
6,8,"SAT_2,SAT_3,SAT_7,SAT_9,SAT_11,SAT_14",15,8000000000,42,70.0,1000000.0,0.818684,98242043854
6,6,"SAT_3,SAT_4,SAT_5,SAT_8,SAT_11,SAT_12",15,8000000000,42,70.0,1000000.0,0.669785,80374191044
6,10,"SAT_0,SAT_3,SAT_4,SAT_6,SAT_10,SAT_13",15,8000000000,42,70.0,1000000.0,0.760776,91293101311
6,9,"SAT_0,SAT_3,SAT_5,SAT_6,SAT_12,SAT_14",15,8000000000,42,70.0,1000000.0,0.779127,93495295420
6,11,"SAT_0,SAT_2,SAT_4,SAT_5,SAT_6,SAT_7",15,8000000000,42,70.0,1000000.0,0.792349,95081850513
6,12,"SAT_2,SAT_7,SAT_8,SAT_10,SAT_12,SAT_14",15,8000000000,42,70.0,1000000.0,0.799231,95907673716
6,15,"SAT_3,SAT_4,SAT_6,SAT_8,SAT_10,SAT_11",15,8000000000,42,70.0,1000000.0,0.770575,92468995416
6,14,"SAT_0,SAT_5,SAT_6,SAT_9,SAT_10,SAT_11",15,8000000000,42,70.0,1000000.0,0.777699,93323937368
6,13,"SAT_0,SAT_5,SAT_6,SAT_12,SAT_13,SAT_14",15,8000000000,42,70.0,1000000.0,0.764957,91794835601
6,17,"SAT_3,SAT_4,SAT_6,SAT_7,SAT_8,SAT_10",15,8000000000,42,70.0,1000000.0,0.728032,87363853222
6,21,"SAT_0,SAT_1,SAT_3,SAT_4,SAT_5,SAT_14",15,8000000000,42,70.0,1000000.0,0.765109,91813083404
6,19,"SAT_2,SAT_5,SAT_6,SAT_8,SAT_13,SAT_14",15,8000000000,42,70.0,1000000.0,0.771783,92614019041
6,18,"SAT_0,SAT_3,SAT_4,SAT_6,SAT_11,SAT_13",15,8000000000,42,70.0,1000000.0,0.801906,96228707588
6,16,"SAT_4,SAT_5,SAT_6,SAT_7,SAT_11,SAT_13",15,8000000000,42,70.0,1000000.0,0.677706,81324731640
6,20,"SAT_0,SAT_5,SAT_6,SAT_8,SAT_10,SAT_13",15,8000000000,42,70.0,1000000.0,0.766303,91956388283
6,24,"SAT_0,SAT_1,SAT_5,SAT_6,SAT_9,SAT_12",15,8000000000,42,70.0,1000000.0,0.685883,82305901843
6,23,"SAT_2,SAT_3,SAT_5,SAT_8,SAT_12,SAT_14",15,8000000000,42,70.0,1000000.0,0.766379,91965516923
6,22,"SAT_0,SAT_1,SAT_6,SAT_7,SAT_10,SAT_11",15,8000000000,42,70.0,1000000.0,0.738215,88585766308
6,26,"SAT_3,SAT_4,SAT_5,SAT_6,SAT_7,SAT_13",15,8000000000,42,70.0,1000000.0,0.710124,85214840996
6,25,"SAT_0,SAT_2,SAT_6,SAT_7,SAT_8,SAT_10",15,8000000000,42,70.0,1000000.0,0.728604,87432532519
6,28,"SAT_0,SAT_2,SAT_5,SAT_8,SAT_10,SAT_12",15,8000000000,42,70.0,1000000.0,0.757045,90845400494
7,0,"SAT_0,SAT_1,SAT_3,SAT_4,SAT_6,SAT_9,SAT_13",15,8000000000,42,70.0,1000000.0,0.726316,87157911532
6,27,"SAT_0,SAT_3,SAT_5,SAT_6,SAT_7,SAT_13",15,8000000000,42,70.0,1000000.0,0.774245,92909399241
7,1,"SAT_0,SAT_5,SAT_6,SAT_7,SAT_10,SAT_11,SAT_14",15,8000000000,42,70.0,1000000.0,0.728937,87472481594
7,3,"SAT_0,SAT_1,SAT_4,SAT_5,SAT_11,SAT_12,SAT_13",15,8000000000,42,70.0,1000000.0,0.716078,85929385287
6,29,"SAT_0,SAT_1,SAT_4,SAT_7,SAT_10,SAT_14",15,8000000000,42,70.0,1000000.0,0.759343,91121162545
7,4,"SAT_0,SAT_4,SAT_5,SAT_8,SAT_11,SAT_13,SAT_14",15,8000000000,42,70.0,1000000.0,0.705218,84626110863
7,2,"SAT_1,SAT_2,SAT_4,SAT_5,SAT_8,SAT_9,SAT_13",15,8000000000,42,70.0,1000000.0,0.736234,88348116016
7,6,"SAT_1,SAT_5,SAT_6,SAT_7,SAT_11,SAT_12,SAT_14",15,8000000000,42,70.0,1000000.0,0.715932,85911847948
7,5,"SAT_4,SAT_5,SAT_6,SAT_9,SAT_10,SAT_11,SAT_13",15,8000000000,42,70.0,1000000.0,0.707772,84932696036
7,8,"SAT_0,SAT_1,SAT_2,SAT_6,SAT_9,SAT_10,SAT_12",15,8000000000,42,70.0,1000000.0,0.699595,83951346253
7,9,"SAT_2,SAT_6,SAT_7,SAT_8,SAT_10,SAT_11,SAT_12",15,8000000000,42,70.0,1000000.0,0.813247,97589669652
7,10,"SAT_0,SAT_1,SAT_2,SAT_5,SAT_11,SAT_13,SAT_14",15,8000000000,42,70.0,1000000.0,0.733639,88036680594
7,7,"SAT_1,SAT_3,SAT_6,SAT_9,SAT_10,SAT_11,SAT_14",15,8000000000,42,70.0,1000000.0,0.711655,85398587505
7,13,"SAT_0,SAT_3,SAT_4,SAT_8,SAT_9,SAT_11,SAT_14",15,8000000000,42,70.0,1000000.0,0.76157,91388346579
7,12,"SAT_3,SAT_6,SAT_7,SAT_8,SAT_9,SAT_12,SAT_13",15,8000000000,42,70.0,1000000.0,0.760951,91314069758
7,16,"SAT_3,SAT_5,SAT_8,SAT_10,SAT_11,SAT_12,SAT_13",15,8000000000,42,70.0,1000000.0,0.747414,89689710874
7,11,"SAT_4,SAT_5,SAT_8,SAT_9,SAT_10,SAT_11,SAT_14",15,8000000000,42,70.0,1000000.0,0.680425,81650980313
7,14,"SAT_0,SAT_1,SAT_7,SAT_10,SAT_12,SAT_13,SAT_14",15,8000000000,42,70.0,1000000.0,0.732892,87947018187
7,15,"SAT_1,SAT_2,SAT_6,SAT_9,SAT_10,SAT_11,SAT_13",15,8000000000,42,70.0,1000000.0,0.672066,80647954148
7,18,"SAT_2,SAT_3,SAT_8,SAT_9,SAT_10,SAT_12,SAT_14",15,8000000000,42,70.0,1000000.0,0.671984,80638131120
7,19,"SAT_1,SAT_4,SAT_7,SAT_9,SAT_10,SAT_11,SAT_12",15,8000000000,42,70.0,1000000.0,0.639939,76792714048
7,17,"SAT_0,SAT_1,SAT_2,SAT_6,SAT_7,SAT_8,SAT_11",15,8000000000,42,70.0,1000000.0,0.653525,78422981804
7,22,"SAT_2,SAT_3,SAT_5,SAT_6,SAT_7,SAT_9,SAT_11",15,8000000000,42,70.0,1000000.0,0.743892,89267048585
7,21,"SAT_0,SAT_2,SAT_4,SAT_8,SAT_9,SAT_10,SAT_14",15,8000000000,42,70.0,1000000.0,0.75467,90560375418
7,23,"SAT_0,SAT_3,SAT_5,SAT_6,SAT_11,SAT_12,SAT_14",15,8000000000,42,70.0,1000000.0,0.725688,87082603813
7,20,"SAT_1,SAT_3,SAT_6,SAT_7,SAT_8,SAT_9,SAT_10",15,8000000000,42,70.0,1000000.0,0.677948,81353798797
7,25,"SAT_1,SAT_2,SAT_3,SAT_4,SAT_6,SAT_7,SAT_9",15,8000000000,42,70.0,1000000.0,0.671919,80630327591
8,3,"SAT_2,SAT_3,SAT_4,SAT_5,SAT_7,SAT_9,SAT_10,SAT_13",15,8000000000,42,70.0,1000000.0,0.71877,86252367600
7,24,"SAT_1,SAT_7,SAT_8,SAT_9,SAT_10,SAT_13,SAT_14",15,8000000000,42,70.0,1000000.0,0.715464,85855683103
8,0,"SAT_1,SAT_2,SAT_4,SAT_6,SAT_9,SAT_10,SAT_11,SAT_12",15,8000000000,42,70.0,1000000.0,0.728325,87399034369
7,27,"SAT_0,SAT_1,SAT_2,SAT_4,SAT_7,SAT_13,SAT_14",15,8000000000,42,70.0,1000000.0,0.725102,87012291943
8,1,"SAT_0,SAT_2,SAT_4,SAT_5,SAT_6,SAT_7,SAT_8,SAT_11",15,8000000000,42,70.0,1000000.0,0.75504,90604820443
8,2,"SAT_0,SAT_3,SAT_5,SAT_7,SAT_9,SAT_10,SAT_11,SAT_12",15,8000000000,42,70.0,1000000.0,0.704908,84588962128
8,4,"SAT_0,SAT_2,SAT_3,SAT_5,SAT_7,SAT_8,SAT_9,SAT_14",15,8000000000,42,70.0,1000000.0,0.731848,87821794861
7,29,"SAT_3,SAT_5,SAT_6,SAT_9,SAT_10,SAT_11,SAT_13",15,8000000000,42,70.0,1000000.0,0.738784,88654073747
7,28,"SAT_0,SAT_2,SAT_7,SAT_8,SAT_10,SAT_12,SAT_14",15,8000000000,42,70.0,1000000.0,0.689972,82796629718
7,26,"SAT_1,SAT_2,SAT_3,SAT_7,SAT_8,SAT_13,SAT_14",15,8000000000,42,70.0,1000000.0,0.611619,73394298629
8,5,"SAT_2,SAT_4,SAT_5,SAT_6,SAT_9,SAT_11,SAT_13,SAT_14",15,8000000000,42,70.0,1000000.0,0.685512,82261390290
8,6,"SAT_1,SAT_2,SAT_3,SAT_8,SAT_9,SAT_10,SAT_12,SAT_13",15,8000000000,42,70.0,1000000.0,0.698621,83834474799
8,7,"SAT_4,SAT_5,SAT_6,SAT_7,SAT_8,SAT_10,SAT_11,SAT_14",15,8000000000,42,70.0,1000000.0,0.729915,87589848007
8,8,"SAT_0,SAT_3,SAT_4,SAT_5,SAT_7,SAT_8,SAT_10,SAT_13",15,8000000000,42,70.0,1000000.0,0.746041,89524896885
8,10,"SAT_1,SAT_3,SAT_4,SAT_5,SAT_6,SAT_12,SAT_13,SAT_14",15,8000000000,42,70.0,1000000.0,0.698141,83776975455
8,12,"SAT_0,SAT_2,SAT_3,SAT_4,SAT_6,SAT_9,SAT_10,SAT_13",15,8000000000,42,70.0,1000000.0,0.725479,87057454350
8,9,"SAT_0,SAT_1,SAT_2,SAT_6,SAT_7,SAT_11,SAT_12,SAT_13",15,8000000000,42,70.0,1000000.0,0.706671,84800552958
8,11,"SAT_0,SAT_2,SAT_6,SAT_8,SAT_9,SAT_11,SAT_13,SAT_14",15,8000000000,42,70.0,1000000.0,0.727623,87314703087
8,14,"SAT_1,SAT_3,SAT_4,SAT_7,SAT_8,SAT_9,SAT_12,SAT_14",15,8000000000,42,70.0,1000000.0,0.688723,82646773148
8,13,"SAT_2,SAT_3,SAT_6,SAT_7,SAT_8,SAT_10,SAT_13,SAT_14",15,8000000000,42,70.0,1000000.0,0.764744,91769292875
8,16,"SAT_0,SAT_1,SAT_4,SAT_5,SAT_6,SAT_7,SAT_8,SAT_10",15,8000000000,42,70.0,1000000.0,0.740232,88827874814
8,18,"SAT_0,SAT_1,SAT_3,SAT_4,SAT_5,SAT_6,SAT_9,SAT_11",15,8000000000,42,70.0,1000000.0,0.750611,90073281957
8,15,"SAT_0,SAT_1,SAT_2,SAT_6,SAT_7,SAT_11,SAT_12,SAT_14",15,8000000000,42,70.0,1000000.0,0.727727,87327265555
8,17,"SAT_0,SAT_3,SAT_4,SAT_7,SAT_8,SAT_9,SAT_12,SAT_14",15,8000000000,42,70.0,1000000.0,0.731753,87810376851
8,19,"SAT_0,SAT_3,SAT_4,SAT_7,SAT_8,SAT_10,SAT_11,SAT_12",15,8000000000,42,70.0,1000000.0,0.72383,86859592046
8,21,"SAT_0,SAT_2,SAT_3,SAT_4,SAT_6,SAT_8,SAT_9,SAT_10",15,8000000000,42,70.0,1000000.0,0.772506,92700776865
8,20,"SAT_0,SAT_2,SAT_7,SAT_8,SAT_9,SAT_10,SAT_12,SAT_14",15,8000000000,42,70.0,1000000.0,0.72586,87103181675
8,22,"SAT_0,SAT_1,SAT_5,SAT_6,SAT_8,SAT_9,SAT_12,SAT_13",15,8000000000,42,70.0,1000000.0,0.694468,83336176059
8,24,"SAT_0,SAT_3,SAT_4,SAT_5,SAT_6,SAT_11,SAT_13,SAT_14",15,8000000000,42,70.0,1000000.0,0.740423,88850723858
9,0,"SAT_0,SAT_2,SAT_3,SAT_5,SAT_6,SAT_7,SAT_10,SAT_11,SAT_13",15,8000000000,42,70.0,1000000.0,0.710437,85252441530
9,2,"SAT_2,SAT_3,SAT_5,SAT_6,SAT_7,SAT_9,SAT_10,SAT_12,SAT_14",15,8000000000,42,70.0,1000000.0,0.717425,86090961023
8,23,"SAT_0,SAT_1,SAT_2,SAT_5,SAT_6,SAT_8,SAT_9,SAT_12",15,8000000000,42,70.0,1000000.0,0.705104,84612514509
9,4,"SAT_0,SAT_2,SAT_3,SAT_5,SAT_6,SAT_8,SAT_10,SAT_11,SAT_14",15,8000000000,42,70.0,1000000.0,0.742008,89040906182
8,28,"SAT_2,SAT_3,SAT_4,SAT_5,SAT_6,SAT_11,SAT_12,SAT_14",15,8000000000,42,70.0,1000000.0,0.717987,86158402974
8,29,"SAT_0,SAT_1,SAT_2,SAT_6,SAT_9,SAT_11,SAT_12,SAT_14",15,8000000000,42,70.0,1000000.0,0.730918,87710112519
8,27,"SAT_1,SAT_2,SAT_3,SAT_4,SAT_5,SAT_11,SAT_12,SAT_14",15,8000000000,42,70.0,1000000.0,0.699728,83967370307
9,3,"SAT_0,SAT_1,SAT_3,SAT_6,SAT_7,SAT_9,SAT_10,SAT_12,SAT_14",15,8000000000,42,70.0,1000000.0,0.71393,85671582154
9,1,"SAT_1,SAT_3,SAT_6,SAT_8,SAT_9,SAT_11,SAT_12,SAT_13,SAT_14",15,8000000000,42,70.0,1000000.0,0.709204,85104486545
8,26,"SAT_1,SAT_4,SAT_6,SAT_7,SAT_10,SAT_11,SAT_13,SAT_14",15,8000000000,42,70.0,1000000.0,0.717451,86094133480
8,25,"SAT_1,SAT_4,SAT_6,SAT_7,SAT_8,SAT_9,SAT_10,SAT_13",15,8000000000,42,70.0,1000000.0,0.734198,88103750993
9,5,"SAT_0,SAT_2,SAT_3,SAT_4,SAT_6,SAT_8,SAT_11,SAT_13,SAT_14",15,8000000000,42,70.0,1000000.0,0.7271,87252014549
9,6,"SAT_0,SAT_2,SAT_3,SAT_6,SAT_7,SAT_8,SAT_9,SAT_10,SAT_12",15,8000000000,42,70.0,1000000.0,0.750555,90066555023
9,8,"SAT_2,SAT_3,SAT_4,SAT_7,SAT_9,SAT_11,SAT_12,SAT_13,SAT_14",15,8000000000,42,70.0,1000000.0,0.744922,89390653215
9,10,"SAT_2,SAT_3,SAT_4,SAT_7,SAT_9,SAT_10,SAT_12,SAT_13,SAT_14",15,8000000000,42,70.0,1000000.0,0.744924,89390837846
9,9,"SAT_1,SAT_3,SAT_4,SAT_5,SAT_6,SAT_7,SAT_8,SAT_9,SAT_12",15,8000000000,42,70.0,1000000.0,0.70298,84357642469
9,14,"SAT_0,SAT_4,SAT_7,SAT_8,SAT_9,SAT_10,SAT_11,SAT_12,SAT_13",15,8000000000,42,70.0,1000000.0,0.759679,91161460854
9,7,"SAT_1,SAT_2,SAT_3,SAT_5,SAT_6,SAT_7,SAT_8,SAT_9,SAT_10",15,8000000000,42,70.0,1000000.0,0.723132,86775858271
9,13,"SAT_3,SAT_4,SAT_5,SAT_6,SAT_7,SAT_8,SAT_11,SAT_12,SAT_13",15,8000000000,42,70.0,1000000.0,0.690233,82827917016
9,16,"SAT_0,SAT_2,SAT_4,SAT_5,SAT_7,SAT_9,SAT_11,SAT_12,SAT_13",15,8000000000,42,70.0,1000000.0,0.710259,85231126228
9,11,"SAT_1,SAT_6,SAT_8,SAT_9,SAT_10,SAT_11,SAT_12,SAT_13,SAT_14",15,8000000000,42,70.0,1000000.0,0.686154,82338516640
9,12,"SAT_0,SAT_3,SAT_6,SAT_7,SAT_8,SAT_9,SAT_10,SAT_12,SAT_13",15,8000000000,42,70.0,1000000.0,0.742516,89101949065
9,15,"SAT_1,SAT_2,SAT_3,SAT_4,SAT_6,SAT_8,SAT_9,SAT_11,SAT_12",15,8000000000,42,70.0,1000000.0,0.725766,87091885364
9,19,"SAT_0,SAT_1,SAT_3,SAT_4,SAT_5,SAT_6,SAT_7,SAT_9,SAT_13",15,8000000000,42,70.0,1000000.0,0.723262,86791436751
9,18,"SAT_0,SAT_1,SAT_2,SAT_3,SAT_4,SAT_5,SAT_8,SAT_12,SAT_14",15,8000000000,42,70.0,1000000.0,0.737857,88542863112
9,20,"SAT_0,SAT_1,SAT_2,SAT_3,SAT_5,SAT_6,SAT_8,SAT_9,SAT_11",15,8000000000,42,70.0,1000000.0,0.730323,87638817523
9,22,"SAT_0,SAT_2,SAT_3,SAT_6,SAT_7,SAT_9,SAT_10,SAT_11,SAT_13",15,8000000000,42,70.0,1000000.0,0.707616,84913920036
9,21,"SAT_2,SAT_3,SAT_4,SAT_5,SAT_9,SAT_11,SAT_12,SAT_13,SAT_14",15,8000000000,42,70.0,1000000.0,0.719249,86309855953
9,17,"SAT_1,SAT_2,SAT_3,SAT_5,SAT_6,SAT_8,SAT_11,SAT_13,SAT_14",15,8000000000,42,70.0,1000000.0,0.69615,83537960099
9,25,"SAT_0,SAT_1,SAT_4,SAT_5,SAT_6,SAT_11,SAT_12,SAT_13,SAT_14",15,8000000000,42,70.0,1000000.0,0.707957,84954802477
9,24,"SAT_1,SAT_3,SAT_4,SAT_5,SAT_8,SAT_10,SAT_12,SAT_13,SAT_14",15,8000000000,42,70.0,1000000.0,0.706488,84778553573
9,26,"SAT_0,SAT_4,SAT_5,SAT_6,SAT_7,SAT_8,SAT_9,SAT_11,SAT_14",15,8000000000,42,70.0,1000000.0,0.718467,86216015317
9,23,"SAT_0,SAT_1,SAT_2,SAT_3,SAT_5,SAT_7,SAT_8,SAT_9,SAT_10",15,8000000000,42,70.0,1000000.0,0.727074,87248864856
10,1,"SAT_0,SAT_1,SAT_2,SAT_3,SAT_4,SAT_7,SAT_9,SAT_11,SAT_12,SAT_14",15,8000000000,42,70.0,1000000.0,0.744429,89331487189
9,27,"SAT_0,SAT_2,SAT_5,SAT_7,SAT_8,SAT_10,SAT_11,SAT_12,SAT_14",15,8000000000,42,70.0,1000000.0,0.733976,88077108636
10,2,"SAT_3,SAT_4,SAT_5,SAT_8,SAT_9,SAT_10,SAT_11,SAT_12,SAT_13,SAT_14",15,8000000000,42,70.0,1000000.0,0.731881,87825701792
10,5,"SAT_0,SAT_2,SAT_3,SAT_5,SAT_6,SAT_7,SAT_9,SAT_10,SAT_11,SAT_14",15,8000000000,42,70.0,1000000.0,0.759446,91133477710
10,3,"SAT_1,SAT_2,SAT_3,SAT_4,SAT_5,SAT_7,SAT_9,SAT_11,SAT_12,SAT_14",15,8000000000,42,70.0,1000000.0,0.73175,87810055431
10,4,"SAT_0,SAT_4,SAT_5,SAT_7,SAT_9,SAT_10,SAT_11,SAT_12,SAT_13,SAT_14",15,8000000000,42,70.0,1000000.0,0.731044,87725295933
9,29,"SAT_1,SAT_2,SAT_5,SAT_6,SAT_7,SAT_8,SAT_9,SAT_10,SAT_14",15,8000000000,42,70.0,1000000.0,0.731975,87837003673
10,0,"SAT_0,SAT_1,SAT_3,SAT_6,SAT_7,SAT_8,SAT_10,SAT_12,SAT_13,SAT_14",15,8000000000,42,70.0,1000000.0,0.737185,88462243179
10,8,"SAT_0,SAT_1,SAT_2,SAT_4,SAT_5,SAT_8,SAT_9,SAT_11,SAT_12,SAT_14",15,8000000000,42,70.0,1000000.0,0.749579,89949472407
10,6,"SAT_0,SAT_2,SAT_4,SAT_5,SAT_6,SAT_8,SAT_11,SAT_12,SAT_13,SAT_14",15,8000000000,42,70.0,1000000.0,0.752746,90329554204
9,28,"SAT_1,SAT_2,SAT_3,SAT_4,SAT_5,SAT_6,SAT_7,SAT_8,SAT_14",15,8000000000,42,70.0,1000000.0,0.719096,86291567107
10,11,"SAT_0,SAT_1,SAT_2,SAT_5,SAT_8,SAT_9,SAT_10,SAT_11,SAT_12,SAT_14",15,8000000000,42,70.0,1000000.0,0.770035,92404164365
10,10,"SAT_0,SAT_2,SAT_4,SAT_5,SAT_7,SAT_9,SAT_10,SAT_12,SAT_13,SAT_14",15,8000000000,42,70.0,1000000.0,0.76128,91353629402
10,9,"SAT_0,SAT_1,SAT_2,SAT_4,SAT_7,SAT_8,SAT_9,SAT_11,SAT_12,SAT_14",15,8000000000,42,70.0,1000000.0,0.757411,90889316328
10,7,"SAT_0,SAT_1,SAT_2,SAT_3,SAT_4,SAT_6,SAT_7,SAT_8,SAT_12,SAT_14",15,8000000000,42,70.0,1000000.0,0.725652,87078185384
10,14,"SAT_1,SAT_3,SAT_4,SAT_6,SAT_7,SAT_8,SAT_9,SAT_10,SAT_11,SAT_14",15,8000000000,42,70.0,1000000.0,0.745683,89481976353
10,12,"SAT_0,SAT_2,SAT_3,SAT_4,SAT_6,SAT_7,SAT_8,SAT_9,SAT_11,SAT_12",15,8000000000,42,70.0,1000000.0,0.748965,89875775853
10,13,"SAT_0,SAT_3,SAT_4,SAT_5,SAT_6,SAT_7,SAT_8,SAT_11,SAT_13,SAT_14",15,8000000000,42,70.0,1000000.0,0.767266,92071979360
10,20,"SAT_0,SAT_1,SAT_2,SAT_3,SAT_4,SAT_5,SAT_6,SAT_9,SAT_13,SAT_14",15,8000000000,42,70.0,1000000.0,0.767298,92075783326
10,21,"SAT_0,SAT_1,SAT_3,SAT_4,SAT_6,SAT_9,SAT_10,SAT_12,SAT_13,SAT_14",15,8000000000,42,70.0,1000000.0,0.772392,92687085522
10,18,"SAT_0,SAT_2,SAT_3,SAT_6,SAT_7,SAT_8,SAT_9,SAT_10,SAT_12,SAT_14",15,8000000000,42,70.0,1000000.0,0.755724,90686893144
10,16,"SAT_0,SAT_1,SAT_2,SAT_3,SAT_4,SAT_6,SAT_7,SAT_8,SAT_13,SAT_14",15,8000000000,42,70.0,1000000.0,0.706757,84810862147
10,15,"SAT_0,SAT_1,SAT_2,SAT_3,SAT_4,SAT_5,SAT_6,SAT_7,SAT_8,SAT_13",15,8000000000,42,70.0,1000000.0,0.710148,85217707226
10,26,"SAT_1,SAT_3,SAT_4,SAT_5,SAT_7,SAT_8,SAT_9,SAT_11,SAT_12,SAT_14",15,8000000000,42,70.0,1000000.0,0.7454,89447988540
10,19,"SAT_0,SAT_3,SAT_4,SAT_5,SAT_6,SAT_7,SAT_8,SAT_10,SAT_11,SAT_13",15,8000000000,42,70.0,1000000.0,0.768629,92235483865
10,22,"SAT_0,SAT_1,SAT_2,SAT_3,SAT_5,SAT_6,SAT_7,SAT_11,SAT_12,SAT_14",15,8000000000,42,70.0,1000000.0,0.752764,90331650285
10,23,"SAT_0,SAT_1,SAT_2,SAT_5,SAT_6,SAT_7,SAT_9,SAT_10,SAT_13,SAT_14",15,8000000000,42,70.0,1000000.0,0.768623,92234800288
10,24,"SAT_0,SAT_4,SAT_5,SAT_6,SAT_8,SAT_10,SAT_11,SAT_12,SAT_13,SAT_14",15,8000000000,42,70.0,1000000.0,0.732993,87959174264
10,27,"SAT_0,SAT_1,SAT_4,SAT_5,SAT_6,SAT_7,SAT_8,SAT_9,SAT_10,SAT_12",15,8000000000,42,70.0,1000000.0,0.769508,92340957731
10,25,"SAT_0,SAT_1,SAT_3,SAT_4,SAT_6,SAT_7,SAT_9,SAT_11,SAT_12,SAT_13",15,8000000000,42,70.0,1000000.0,0.764836,91780297279
10,17,"SAT_1,SAT_2,SAT_3,SAT_5,SAT_6,SAT_7,SAT_8,SAT_11,SAT_12,SAT_13",15,8000000000,42,70.0,1000000.0,0.715033,85803954292
11,1,"SAT_0,SAT_1,SAT_2,SAT_4,SAT_7,SAT_8,SAT_9,SAT_10,SAT_11,SAT_12,SAT_13",15,8000000000,42,70.0,1000000.0,0.725279,87033494545
11,0,"SAT_1,SAT_3,SAT_4,SAT_6,SAT_7,SAT_9,SAT_10,SAT_11,SAT_12,SAT_13,SAT_14",15,8000000000,42,70.0,1000000.0,0.698861,83863321736
11,3,"SAT_1,SAT_2,SAT_3,SAT_4,SAT_5,SAT_6,SAT_7,SAT_9,SAT_11,SAT_12,SAT_14",15,8000000000,42,70.0,1000000.0,0.694525,83342957359
11,4,"SAT_0,SAT_3,SAT_5,SAT_7,SAT_8,SAT_9,SAT_10,SAT_11,SAT_12,SAT_13,SAT_14",15,8000000000,42,70.0,1000000.0,0.714456,85734673314
11,2,"SAT_0,SAT_2,SAT_6,SAT_7,SAT_8,SAT_9,SAT_10,SAT_11,SAT_12,SAT_13,SAT_14",15,8000000000,42,70.0,1000000.0,0.709258,85110971127
10,28,"SAT_0,SAT_6,SAT_7,SAT_8,SAT_9,SAT_10,SAT_11,SAT_12,SAT_13,SAT_14",15,8000000000,42,70.0,1000000.0,0.766055,91926541807
11,8,"SAT_0,SAT_1,SAT_2,SAT_3,SAT_4,SAT_5,SAT_6,SAT_9,SAT_11,SAT_13,SAT_14",15,8000000000,42,70.0,1000000.0,0.716408,85968978633
11,5,"SAT_1,SAT_2,SAT_3,SAT_4,SAT_5,SAT_7,SAT_8,SAT_9,SAT_12,SAT_13,SAT_14",15,8000000000,42,70.0,1000000.0,0.699399,83927921218
11,7,"SAT_0,SAT_2,SAT_5,SAT_6,SAT_7,SAT_9,SAT_10,SAT_11,SAT_12,SAT_13,SAT_14",15,8000000000,42,70.0,1000000.0,0.695111,83413291800
11,11,"SAT_0,SAT_1,SAT_4,SAT_7,SAT_8,SAT_9,SAT_10,SAT_11,SAT_12,SAT_13,SAT_14",15,8000000000,42,70.0,1000000.0,0.725057,87006801719
11,9,"SAT_0,SAT_1,SAT_2,SAT_3,SAT_4,SAT_5,SAT_7,SAT_8,SAT_9,SAT_11,SAT_13",15,8000000000,42,70.0,1000000.0,0.721217,86546055792
11,6,"SAT_0,SAT_2,SAT_3,SAT_4,SAT_5,SAT_6,SAT_7,SAT_9,SAT_10,SAT_12,SAT_13",15,8000000000,42,70.0,1000000.0,0.693437,83212498870
10,29,"SAT_1,SAT_2,SAT_3,SAT_4,SAT_5,SAT_6,SAT_8,SAT_9,SAT_12,SAT_13",15,8000000000,42,70.0,1000000.0,0.729721,87566500411
11,13,"SAT_0,SAT_1,SAT_3,SAT_4,SAT_5,SAT_6,SAT_8,SAT_9,SAT_10,SAT_12,SAT_14",15,8000000000,42,70.0,1000000.0,0.698181,83781734203
11,10,"SAT_0,SAT_1,SAT_2,SAT_4,SAT_5,SAT_6,SAT_7,SAT_8,SAT_11,SAT_12,SAT_13",15,8000000000,42,70.0,1000000.0,0.71058,85269576681
11,12,"SAT_0,SAT_1,SAT_2,SAT_3,SAT_5,SAT_7,SAT_8,SAT_9,SAT_10,SAT_13,SAT_14",15,8000000000,42,70.0,1000000.0,0.714798,85775729197
11,14,"SAT_0,SAT_1,SAT_2,SAT_3,SAT_4,SAT_5,SAT_8,SAT_9,SAT_12,SAT_13,SAT_14",15,8000000000,42,70.0,1000000.0,0.718908,86268944837
11,16,"SAT_0,SAT_2,SAT_3,SAT_4,SAT_5,SAT_6,SAT_7,SAT_9,SAT_10,SAT_11,SAT_14",15,8000000000,42,70.0,1000000.0,0.718547,86225651791
11,18,"SAT_0,SAT_2,SAT_4,SAT_5,SAT_6,SAT_8,SAT_9,SAT_10,SAT_11,SAT_12,SAT_14",15,8000000000,42,70.0,1000000.0,0.716026,85923117590
11,15,"SAT_0,SAT_1,SAT_2,SAT_3,SAT_4,SAT_5,SAT_7,SAT_9,SAT_11,SAT_12,SAT_13",15,8000000000,42,70.0,1000000.0,0.692994,83159262303
11,22,"SAT_0,SAT_1,SAT_2,SAT_3,SAT_5,SAT_7,SAT_9,SAT_10,SAT_11,SAT_13,SAT_14",15,8000000000,42,70.0,1000000.0,0.707594,84911269560
11,17,"SAT_0,SAT_1,SAT_2,SAT_5,SAT_6,SAT_7,SAT_9,SAT_11,SAT_12,SAT_13,SAT_14",15,8000000000,42,70.0,1000000.0,0.710866,85303883246
11,20,"SAT_0,SAT_1,SAT_2,SAT_5,SAT_6,SAT_7,SAT_9,SAT_10,SAT_12,SAT_13,SAT_14",15,8000000000,42,70.0,1000000.0,0.715367,85844035657
11,19,"SAT_0,SAT_1,SAT_2,SAT_4,SAT_5,SAT_7,SAT_9,SAT_11,SAT_12,SAT_13,SAT_14",15,8000000000,42,70.0,1000000.0,0.671006,80520680771
11,21,"SAT_0,SAT_1,SAT_2,SAT_3,SAT_5,SAT_6,SAT_8,SAT_11,SAT_12,SAT_13,SAT_14",15,8000000000,42,70.0,1000000.0,0.699894,83987270094
11,25,"SAT_2,SAT_3,SAT_4,SAT_6,SAT_7,SAT_8,SAT_9,SAT_10,SAT_11,SAT_13,SAT_14",15,8000000000,42,70.0,1000000.0,0.703898,84467812691
11,27,"SAT_1,SAT_2,SAT_3,SAT_4,SAT_5,SAT_6,SAT_8,SAT_10,SAT_11,SAT_12,SAT_14",15,8000000000,42,70.0,1000000.0,0.696319,83558316711
12,1,"SAT_0,SAT_1,SAT_3,SAT_4,SAT_5,SAT_6,SAT_7,SAT_8,SAT_9,SAT_10,SAT_12,SAT_14",15,8000000000,42,70.0,1000000.0,0.690631,82875728490
12,0,"SAT_0,SAT_1,SAT_2,SAT_3,SAT_4,SAT_5,SAT_7,SAT_8,SAT_11,SAT_12,SAT_13,SAT_14",15,8000000000,42,70.0,1000000.0,0.710218,85226121816
12,2,"SAT_0,SAT_1,SAT_4,SAT_6,SAT_7,SAT_8,SAT_9,SAT_10,SAT_11,SAT_12,SAT_13,SAT_14",15,8000000000,42,70.0,1000000.0,0.686615,82393847443
11,23,"SAT_0,SAT_2,SAT_3,SAT_4,SAT_5,SAT_6,SAT_7,SAT_8,SAT_9,SAT_11,SAT_12",15,8000000000,42,70.0,1000000.0,0.671468,80576127056
11,28,"SAT_2,SAT_5,SAT_6,SAT_7,SAT_8,SAT_9,SAT_10,SAT_11,SAT_12,SAT_13,SAT_14",15,8000000000,42,70.0,1000000.0,0.733498,88019790504
11,24,"SAT_1,SAT_2,SAT_3,SAT_4,SAT_5,SAT_6,SAT_8,SAT_9,SAT_10,SAT_12,SAT_13",15,8000000000,42,70.0,1000000.0,0.695979,83517497182
11,26,"SAT_0,SAT_1,SAT_3,SAT_6,SAT_7,SAT_8,SAT_9,SAT_10,SAT_11,SAT_12,SAT_13",15,8000000000,42,70.0,1000000.0,0.696034,83524121969
12,4,"SAT_0,SAT_1,SAT_3,SAT_4,SAT_5,SAT_6,SAT_9,SAT_10,SAT_11,SAT_12,SAT_13,SAT_14",15,8000000000,42,70.0,1000000.0,0.6842,82103967426
12,3,"SAT_0,SAT_1,SAT_2,SAT_3,SAT_5,SAT_7,SAT_8,SAT_9,SAT_11,SAT_12,SAT_13,SAT_14",15,8000000000,42,70.0,1000000.0,0.703679,84441474270
12,5,"SAT_0,SAT_1,SAT_3,SAT_4,SAT_5,SAT_7,SAT_8,SAT_9,SAT_10,SAT_11,SAT_12,SAT_14",15,8000000000,42,70.0,1000000.0,0.672506,80700756938
12,7,"SAT_0,SAT_1,SAT_2,SAT_3,SAT_4,SAT_7,SAT_8,SAT_9,SAT_10,SAT_11,SAT_12,SAT_13",15,8000000000,42,70.0,1000000.0,0.693564,83227652926
12,8,"SAT_0,SAT_1,SAT_3,SAT_4,SAT_5,SAT_6,SAT_7,SAT_8,SAT_9,SAT_11,SAT_13,SAT_14",15,8000000000,42,70.0,1000000.0,0.696677,83601208661
11,29,"SAT_0,SAT_2,SAT_3,SAT_4,SAT_6,SAT_8,SAT_10,SAT_11,SAT_12,SAT_13,SAT_14",15,8000000000,42,70.0,1000000.0,0.722595,86711433033
12,6,"SAT_0,SAT_1,SAT_2,SAT_4,SAT_5,SAT_7,SAT_8,SAT_9,SAT_10,SAT_11,SAT_12,SAT_14",15,8000000000,42,70.0,1000000.0,0.668817,80258090045
12,9,"SAT_0,SAT_1,SAT_2,SAT_4,SAT_5,SAT_6,SAT_7,SAT_8,SAT_9,SAT_10,SAT_12,SAT_13",15,8000000000,42,70.0,1000000.0,0.713689,85642684294
12,12,"SAT_0,SAT_1,SAT_2,SAT_4,SAT_5,SAT_7,SAT_8,SAT_9,SAT_10,SAT_11,SAT_13,SAT_14",15,8000000000,42,70.0,1000000.0,0.721492,86579014947
12,15,"SAT_0,SAT_1,SAT_2,SAT_3,SAT_4,SAT_6,SAT_8,SAT_9,SAT_10,SAT_11,SAT_12,SAT_14",15,8000000000,42,70.0,1000000.0,0.706698,84803816469
12,13,"SAT_2,SAT_3,SAT_4,SAT_5,SAT_6,SAT_7,SAT_9,SAT_10,SAT_11,SAT_12,SAT_13,SAT_14",15,8000000000,42,70.0,1000000.0,0.68661,82393198119
12,10,"SAT_0,SAT_2,SAT_3,SAT_4,SAT_5,SAT_6,SAT_7,SAT_8,SAT_9,SAT_12,SAT_13,SAT_14",15,8000000000,42,70.0,1000000.0,0.663228,79587404651
12,11,"SAT_1,SAT_2,SAT_3,SAT_4,SAT_5,SAT_6,SAT_7,SAT_8,SAT_10,SAT_11,SAT_12,SAT_13",15,8000000000,42,70.0,1000000.0,0.689633,82755957944
12,14,"SAT_2,SAT_3,SAT_4,SAT_5,SAT_6,SAT_8,SAT_9,SAT_10,SAT_11,SAT_12,SAT_13,SAT_14",15,8000000000,42,70.0,1000000.0,0.68617,82340376254
12,19,"SAT_0,SAT_1,SAT_3,SAT_4,SAT_5,SAT_7,SAT_8,SAT_10,SAT_11,SAT_12,SAT_13,SAT_14",15,8000000000,42,70.0,1000000.0,0.707931,84951748516
12,18,"SAT_0,SAT_1,SAT_2,SAT_3,SAT_4,SAT_5,SAT_6,SAT_7,SAT_9,SAT_11,SAT_13,SAT_14",15,8000000000,42,70.0,1000000.0,0.694274,83312939091
12,17,"SAT_0,SAT_1,SAT_2,SAT_3,SAT_4,SAT_6,SAT_7,SAT_9,SAT_10,SAT_12,SAT_13,SAT_14",15,8000000000,42,70.0,1000000.0,0.685153,82218416689
12,22,"SAT_0,SAT_1,SAT_3,SAT_4,SAT_5,SAT_6,SAT_7,SAT_8,SAT_10,SAT_11,SAT_12,SAT_14",15,8000000000,42,70.0,1000000.0,0.687913,82549574039
12,16,"SAT_1,SAT_2,SAT_3,SAT_4,SAT_5,SAT_6,SAT_7,SAT_8,SAT_9,SAT_11,SAT_12,SAT_13",15,8000000000,42,70.0,1000000.0,0.690694,82883240931
12,24,"SAT_0,SAT_1,SAT_2,SAT_3,SAT_4,SAT_5,SAT_6,SAT_8,SAT_10,SAT_11,SAT_12,SAT_14",15,8000000000,42,70.0,1000000.0,0.706632,84795860528
12,21,"SAT_0,SAT_1,SAT_4,SAT_5,SAT_6,SAT_7,SAT_9,SAT_10,SAT_11,SAT_12,SAT_13,SAT_14",15,8000000000,42,70.0,1000000.0,0.702017,84241989523
12,23,"SAT_0,SAT_2,SAT_3,SAT_4,SAT_5,SAT_6,SAT_7,SAT_10,SAT_11,SAT_12,SAT_13,SAT_14",15,8000000000,42,70.0,1000000.0,0.682947,81953687780
12,25,"SAT_0,SAT_1,SAT_4,SAT_5,SAT_6,SAT_7,SAT_8,SAT_9,SAT_10,SAT_11,SAT_13,SAT_14",15,8000000000,42,70.0,1000000.0,0.705094,84611227962
13,0,"SAT_0,SAT_1,SAT_2,SAT_3,SAT_4,SAT_5,SAT_6,SAT_7,SAT_8,SAT_10,SAT_11,SAT_12,SAT_14",15,8000000000,42,70.0,1000000.0,0.67309,80770760583
12,27,"SAT_0,SAT_1,SAT_3,SAT_4,SAT_7,SAT_8,SAT_9,SAT_10,SAT_11,SAT_12,SAT_13,SAT_14",15,8000000000,42,70.0,1000000.0,0.709387,85126419306
13,1,"SAT_0,SAT_1,SAT_2,SAT_3,SAT_4,SAT_5,SAT_6,SAT_8,SAT_9,SAT_11,SAT_12,SAT_13,SAT_14",15,8000000000,42,70.0,1000000.0,0.687866,82543962049
12,20,"SAT_1,SAT_2,SAT_3,SAT_5,SAT_6,SAT_7,SAT_8,SAT_9,SAT_10,SAT_11,SAT_12,SAT_13",15,8000000000,42,70.0,1000000.0,0.688246,82589506311
13,2,"SAT_0,SAT_1,SAT_2,SAT_3,SAT_4,SAT_5,SAT_6,SAT_7,SAT_9,SAT_11,SAT_12,SAT_13,SAT_14",15,8000000000,42,70.0,1000000.0,0.664505,79740606810
13,3,"SAT_1,SAT_2,SAT_3,SAT_4,SAT_5,SAT_6,SAT_7,SAT_8,SAT_9,SAT_10,SAT_12,SAT_13,SAT_14",15,8000000000,42,70.0,1000000.0,0.674762,80971463952
12,28,"SAT_0,SAT_1,SAT_2,SAT_3,SAT_5,SAT_7,SAT_8,SAT_9,SAT_10,SAT_11,SAT_13,SAT_14",15,8000000000,42,70.0,1000000.0,0.721225,86546948972
13,5,"SAT_0,SAT_1,SAT_2,SAT_3,SAT_4,SAT_5,SAT_6,SAT_7,SAT_8,SAT_10,SAT_11,SAT_12,SAT_13",15,8000000000,42,70.0,1000000.0,0.671839,80620713503
13,4,"SAT_0,SAT_1,SAT_2,SAT_3,SAT_4,SAT_6,SAT_7,SAT_8,SAT_9,SAT_10,SAT_11,SAT_13,SAT_14",15,8000000000,42,70.0,1000000.0,0.67697,81236371292
12,26,"SAT_0,SAT_1,SAT_2,SAT_4,SAT_5,SAT_6,SAT_7,SAT_8,SAT_9,SAT_12,SAT_13,SAT_14",15,8000000000,42,70.0,1000000.0,0.704886,84586310062
12,29,"SAT_0,SAT_1,SAT_2,SAT_5,SAT_6,SAT_7,SAT_8,SAT_9,SAT_10,SAT_11,SAT_13,SAT_14",15,8000000000,42,70.0,1000000.0,0.701527,84183225962
13,11,"SAT_1,SAT_2,SAT_3,SAT_4,SAT_5,SAT_6,SAT_7,SAT_8,SAT_9,SAT_10,SAT_11,SAT_12,SAT_14",15,8000000000,42,70.0,1000000.0,0.67257,80708389945
13,7,"SAT_0,SAT_1,SAT_2,SAT_3,SAT_4,SAT_5,SAT_6,SAT_8,SAT_9,SAT_10,SAT_11,SAT_13,SAT_14",15,8000000000,42,70.0,1000000.0,0.690889,82906647720
13,13,"SAT_0,SAT_1,SAT_2,SAT_4,SAT_5,SAT_6,SAT_7,SAT_8,SAT_10,SAT_11,SAT_12,SAT_13,SAT_14",15,8000000000,42,70.0,1000000.0,0.683098,81971735441
13,6,"SAT_1,SAT_2,SAT_3,SAT_4,SAT_5,SAT_6,SAT_7,SAT_8,SAT_9,SAT_11,SAT_12,SAT_13,SAT_14",15,8000000000,42,70.0,1000000.0,0.672653,80718400756
13,12,"SAT_0,SAT_2,SAT_3,SAT_4,SAT_5,SAT_6,SAT_7,SAT_9,SAT_10,SAT_11,SAT_12,SAT_13,SAT_14",15,8000000000,42,70.0,1000000.0,0.672825,80738949824
13,8,"SAT_1,SAT_2,SAT_3,SAT_4,SAT_6,SAT_7,SAT_8,SAT_9,SAT_10,SAT_11,SAT_12,SAT_13,SAT_14",15,8000000000,42,70.0,1000000.0,0.672537,80704412027
13,9,"SAT_2,SAT_3,SAT_4,SAT_5,SAT_6,SAT_7,SAT_8,SAT_9,SAT_10,SAT_11,SAT_12,SAT_13,SAT_14",15,8000000000,42,70.0,1000000.0,0.672324,80678886054
13,10,"SAT_0,SAT_1,SAT_2,SAT_3,SAT_5,SAT_6,SAT_7,SAT_8,SAT_9,SAT_10,SAT_11,SAT_12,SAT_13",15,8000000000,42,70.0,1000000.0,0.673144,80777325155
13,14,"SAT_0,SAT_1,SAT_3,SAT_4,SAT_5,SAT_6,SAT_7,SAT_8,SAT_9,SAT_10,SAT_12,SAT_13,SAT_14",15,8000000000,42,70.0,1000000.0,0.675453,81054360508
13,17,"SAT_0,SAT_1,SAT_2,SAT_4,SAT_6,SAT_7,SAT_8,SAT_9,SAT_10,SAT_11,SAT_12,SAT_13,SAT_14",15,8000000000,42,70.0,1000000.0,0.684112,82093421166
13,18,"SAT_0,SAT_1,SAT_2,SAT_3,SAT_5,SAT_6,SAT_7,SAT_9,SAT_10,SAT_11,SAT_12,SAT_13,SAT_14",15,8000000000,42,70.0,1000000.0,0.674221,80906489785
13,16,"SAT_0,SAT_2,SAT_4,SAT_5,SAT_6,SAT_7,SAT_8,SAT_9,SAT_10,SAT_11,SAT_12,SAT_13,SAT_14",15,8000000000,42,70.0,1000000.0,0.671636,80596261764
13,21,"SAT_0,SAT_1,SAT_3,SAT_4,SAT_5,SAT_6,SAT_7,SAT_8,SAT_9,SAT_10,SAT_11,SAT_13,SAT_14",15,8000000000,42,70.0,1000000.0,0.683145,81977411041
13,19,"SAT_0,SAT_1,SAT_2,SAT_3,SAT_4,SAT_6,SAT_7,SAT_8,SAT_9,SAT_11,SAT_12,SAT_13,SAT_14",15,8000000000,42,70.0,1000000.0,0.674861,80983308095
13,20,"SAT_0,SAT_1,SAT_2,SAT_3,SAT_6,SAT_7,SAT_8,SAT_9,SAT_10,SAT_11,SAT_12,SAT_13,SAT_14",15,8000000000,42,70.0,1000000.0,0.674772,80972634591
14,0,"SAT_0,SAT_1,SAT_2,SAT_3,SAT_4,SAT_5,SAT_6,SAT_7,SAT_8,SAT_9,SAT_10,SAT_11,SAT_12,SAT_13",15,8000000000,42,70.0,1000000.0,0.678398,81407795876
13,22,"SAT_0,SAT_2,SAT_3,SAT_4,SAT_5,SAT_6,SAT_7,SAT_8,SAT_9,SAT_10,SAT_11,SAT_13,SAT_14",15,8000000000,42,70.0,1000000.0,0.677014,81241705617
13,15,"SAT_0,SAT_1,SAT_2,SAT_3,SAT_5,SAT_6,SAT_7,SAT_8,SAT_9,SAT_11,SAT_12,SAT_13,SAT_14",15,8000000000,42,70.0,1000000.0,0.674421,80930544450
14,1,"SAT_0,SAT_1,SAT_2,SAT_3,SAT_4,SAT_5,SAT_6,SAT_7,SAT_8,SAT_9,SAT_10,SAT_11,SAT_12,SAT_14",15,8000000000,42,70.0,1000000.0,0.678398,81407795876
14,2,"SAT_0,SAT_1,SAT_2,SAT_3,SAT_4,SAT_5,SAT_6,SAT_7,SAT_8,SAT_9,SAT_10,SAT_11,SAT_13,SAT_14",15,8000000000,42,70.0,1000000.0,0.688335,82600155161
13,25,"SAT_0,SAT_1,SAT_2,SAT_3,SAT_4,SAT_5,SAT_7,SAT_8,SAT_9,SAT_11,SAT_12,SAT_13,SAT_14",15,8000000000,42,70.0,1000000.0,0.662052,79446200051
14,3,"SAT_0,SAT_1,SAT_2,SAT_3,SAT_4,SAT_5,SAT_6,SAT_7,SAT_8,SAT_9,SAT_10,SAT_12,SAT_13,SAT_14",15,8000000000,42,70.0,1000000.0,0.683854,82062437982
13,23,"SAT_0,SAT_1,SAT_2,SAT_3,SAT_4,SAT_5,SAT_6,SAT_7,SAT_8,SAT_9,SAT_10,SAT_13,SAT_14",15,8000000000,42,70.0,1000000.0,0.67278,80733627884
13,27,"SAT_0,SAT_1,SAT_2,SAT_3,SAT_4,SAT_5,SAT_7,SAT_8,SAT_9,SAT_10,SAT_11,SAT_12,SAT_14",15,8000000000,42,70.0,1000000.0,0.662519,79502263590
13,26,"SAT_0,SAT_2,SAT_3,SAT_4,SAT_5,SAT_6,SAT_7,SAT_8,SAT_9,SAT_10,SAT_12,SAT_13,SAT_14",15,8000000000,42,70.0,1000000.0,0.662565,79507830172
13,24,"SAT_0,SAT_2,SAT_3,SAT_4,SAT_5,SAT_6,SAT_7,SAT_8,SAT_9,SAT_11,SAT_12,SAT_13,SAT_14",15,8000000000,42,70.0,1000000.0,0.660456,79254766976
14,5,"SAT_0,SAT_1,SAT_2,SAT_3,SAT_4,SAT_5,SAT_6,SAT_7,SAT_8,SAT_10,SAT_11,SAT_12,SAT_13,SAT_14",15,8000000000,42,70.0,1000000.0,0.684595,82151345996
14,4,"SAT_0,SAT_1,SAT_2,SAT_3,SAT_4,SAT_5,SAT_6,SAT_7,SAT_8,SAT_9,SAT_11,SAT_12,SAT_13,SAT_14",15,8000000000,42,70.0,1000000.0,0.680173,81620780485
13,29,"SAT_0,SAT_1,SAT_2,SAT_3,SAT_4,SAT_5,SAT_6,SAT_7,SAT_8,SAT_9,SAT_10,SAT_11,SAT_13",15,8000000000,42,70.0,1000000.0,0.668394,80207269224
14,7,"SAT_0,SAT_1,SAT_2,SAT_3,SAT_4,SAT_5,SAT_6,SAT_8,SAT_9,SAT_10,SAT_11,SAT_12,SAT_13,SAT_14",15,8000000000,42,70.0,1000000.0,0.681632,81795826216
13,28,"SAT_0,SAT_1,SAT_2,SAT_5,SAT_6,SAT_7,SAT_8,SAT_9,SAT_10,SAT_11,SAT_12,SAT_13,SAT_14",15,8000000000,42,70.0,1000000.0,0.687569,82508300180
14,8,"SAT_0,SAT_1,SAT_2,SAT_3,SAT_4,SAT_5,SAT_7,SAT_8,SAT_9,SAT_10,SAT_11,SAT_12,SAT_13,SAT_14",15,8000000000,42,70.0,1000000.0,0.67747,81296366514
15,0,"SAT_0,SAT_1,SAT_2,SAT_3,SAT_4,SAT_5,SAT_6,SAT_7,SAT_8,SAT_9,SAT_10,SAT_11,SAT_12,SAT_13,SAT_14",15,8000000000,42,70.0,1000000.0,0.661584,79390080500
14,6,"SAT_0,SAT_1,SAT_2,SAT_3,SAT_4,SAT_5,SAT_6,SAT_7,SAT_9,SAT_10,SAT_11,SAT_12,SAT_13,SAT_14",15,8000000000,42,70.0,1000000.0,0.681006,81720695277
14,9,"SAT_0,SAT_1,SAT_2,SAT_3,SAT_4,SAT_6,SAT_7,SAT_8,SAT_9,SAT_10,SAT_11,SAT_12,SAT_13,SAT_14",15,8000000000,42,70.0,1000000.0,0.681891,81826932026
14,10,"SAT_0,SAT_1,SAT_2,SAT_3,SAT_5,SAT_6,SAT_7,SAT_8,SAT_9,SAT_10,SAT_11,SAT_12,SAT_13,SAT_14",15,8000000000,42,70.0,1000000.0,0.680921,81710524971
14,11,"SAT_0,SAT_1,SAT_2,SAT_4,SAT_5,SAT_6,SAT_7,SAT_8,SAT_9,SAT_10,SAT_11,SAT_12,SAT_13,SAT_14",15,8000000000,42,70.0,1000000.0,0.682451,81894104212
14,13,"SAT_0,SAT_2,SAT_3,SAT_4,SAT_5,SAT_6,SAT_7,SAT_8,SAT_9,SAT_10,SAT_11,SAT_12,SAT_13,SAT_14",15,8000000000,42,70.0,1000000.0,0.67828,81393652250
14,12,"SAT_0,SAT_1,SAT_3,SAT_4,SAT_5,SAT_6,SAT_7,SAT_8,SAT_9,SAT_10,SAT_11,SAT_12,SAT_13,SAT_14",15,8000000000,42,70.0,1000000.0,0.687157,82458840618
14,14,"SAT_1,SAT_2,SAT_3,SAT_4,SAT_5,SAT_6,SAT_7,SAT_8,SAT_9,SAT_10,SAT_11,SAT_12,SAT_13,SAT_14",15,8000000000,42,70.0,1000000.0,0.683489,82018625461
